0,Account,MSFqqucIvJ,uSbbPDYeOy,2012-11-17T06:15:52.087+00:00,ijbQGkhkjZ,Virginia,USA,78051171.43
1,Account,MZqEBNhwdR,bcJZmkWant,1981-11-06T06:15:52.087+00:00,PJfzLATRua,Tenessee,USA,32128407.63
2,Account,nJotsaApjO,EfODAhgdFg,2000-02-13T06:15:52.087+00:00,AHAKCQqnjO,Florida,USA,74331191.91
3,Account,ZoyuUueIYW,PhDFkQwHlV,1989-03-24T06:15:52.087+00:00,gNNDsnVOjp,Florida,USA,63332366.03
4,Account,bLZGxmLjSW,WQSydSNRrY,1981-10-13T06:15:52.087+00:00,xQPxVnfkvO,Iowa,USA,29667840.23
5,Account,KLuzULeDFQ,gkCkvuOLYG,2012-07-13T06:15:52.087+00:00,OgpjIWGsnY,Wyoming,USA,83651598.01
6,Account,NykimyjbQB,dYpAdmVcvb,1986-06-19T06:15:52.087+00:00,rKnzbCaiiB,Arkansas,USA,96922377.27
7,Account,KTHBdhDhKe,JKoUINkIAq,2009-04-17T06:15:52.087+00:00,CJngKYXXxG,Florida,USA,55969652.88
8,Account,EFSavSnPVR,lKRfolKjhI,2019-09-04T06:15:52.087+00:00,nGrqlKxeYs,Nebraska,USA,99163453.92
9,Account,KUVZXPkhTE,JHqmdjaMpD,2000-04-01T06:15:52.087+00:00,kjbObXCCAP,Illinois,USA,40609765.0
10,Account,lxUNjlnGXX,WWgFGJNwgR,1979-10-09T06:15:52.087+00:00,MNpOGzJpqE,North Dakota,USA,55257402.54
11,Account,gGyaMdmRbj,lebcsKUcPC,1979-06-10T06:15:52.087+00:00,BKmcXQxZJp,Wyoming,USA,67749594.96
12,Account,NQSHOMsbEM,oZVkeZhbpD,1980-03-10T06:15:52.087+00:00,efFZUkWSno,Wisconsin,USA,52359544.74
13,Account,ozPEnolrPn,mQoFCIFocG,2018-06-18T06:15:52.087+00:00,IAngHTZdhv,Iowa,USA,65454099.81
14,Account,qKSpYdYQpe,sxjwcdpbju,2001-10-04T06:15:52.087+00:00,EkAlmyQgSC,Washington,USA,94244693.06
15,Account,DSkEHqitxY,BVDLafwDGt,2014-10-04T06:15:52.087+00:00,AtbmzMmMZe,Missouri,USA,71391258.12
16,Account,PRZyHyAEQT,cfjfaNlchL,1995-03-04T06:15:52.087+00:00,tpiHfOyzzP,Idaho,USA,5276913.09
17,Account,iIOHzqDKVF,nGQKFjisVk,1981-09-29T06:15:52.087+00:00,ruGOLfhwDJ,Florida,USA,35502816.91
18,Account,wkwCXVDzbG,NOxAzqiupL,1973-10-08T06:15:52.087+00:00,mslsDYTTwj,New York,USA,21192631.6
19,Account,OtINyAFrOr,GscBSLThpq,2017-02-05T06:15:52.087+00:00,UpIogQmLci,Maryland,USA,5888722.97
20,Account,sCLLYsPWTS,SVyBNQnZdi,1997-04-10T06:15:52.087+00:00,QvruntHhJC,Idaho,USA,48232717.77
21,Account,fXWMwBhgIr,gbOzWJkSiW,2007-08-22T06:15:52.087+00:00,KmEOOgevUG,Alabama,USA,67875754.74
22,Account,EtLLsrIfZv,phVtbiQSiG,2007-05-29T06:15:52.087+00:00,EDGjbLjMZc,Texas,USA,52180736.11
23,Account,dHYjzTNxJy,zsZJLWQudD,2000-07-20T06:15:52.087+00:00,EBGJRqGzPR,Kansas,USA,85919456.36
24,Account,vDpAVhBwtk,GuZIwIJfxp,1998-08-31T06:15:52.087+00:00,vkbUoDgKNE,Kentucky,USA,1699868.43
25,Account,SUUqAcJXLu,ytuiBopNiY,1974-11-27T06:15:52.087+00:00,mvvsShNHFH,Alabama,USA,47311939.46
26,Account,malXSFSDVu,GoPWELPtjJ,1981-09-08T06:15:52.087+00:00,wZYgdJxAsd,Indiana,USA,1616926.76
27,Account,NDTsHPluHU,fjvoPoYmaU,1989-03-20T06:15:52.087+00:00,ixkjNZAmOl,South Carolina,USA,64818088.28
28,Account,LvRFrricTs,fYMZzNHSbD,1972-12-24T06:15:52.087+00:00,uwJPxgrBlz,Illinois,USA,35901304.88
29,Account,YWXguogoBw,NmpEycekyO,1972-03-21T06:15:52.087+00:00,PYLbbjKycv,Illinois,USA,93981064.07
30,Account,OGovPbGUfa,PxTDwFQIGt,2005-01-29T06:15:52.087+00:00,WmRBAgOWgn,Indiana,USA,99922434.78
31,Account,SauFjXovjD,FUdzKOrqYx,2003-02-03T06:15:52.087+00:00,MIVwhVJkZD,Kansas,USA,20987172.68
32,Account,ixttGHTtrQ,zuZHVNVqGJ,2018-06-29T06:15:52.087+00:00,htaSjmNyxl,Maine,USA,95434227.82
33,Account,hlYLxvqnli,wRBnYFxUsC,1974-12-19T06:15:52.087+00:00,tJfeLjSPqW,Missouri,USA,72311501.88
34,Account,knDkfbwRAb,scGmzPxPRY,1990-08-19T06:15:52.087+00:00,ViMtnhcGiP,South Carolina,USA,15966769.72
35,Account,yYcaHHYihM,wqNVJHROMA,2021-07-06T06:15:52.087+00:00,VfIfcHCZAp,South Dakota,USA,34008630.45
36,Account,kFSYnFaxwz,BqQpZAgNYb,1971-09-30T06:15:52.087+00:00,raqWpZqleg,South Carolina,USA,42460434.06
37,Account,iSHRZmsmIO,BqRQtCCRJS,2003-08-20T06:15:52.087+00:00,XxeRvFgoSM,Florida,USA,58738901.95
38,Account,zfBggVNAwf,sPIKRGvRgo,1993-05-31T06:15:52.087+00:00,rYCflaWnbk,Florida,USA,83009011.13
39,Account,KmBIMKBYdy,VNyfcuepkJ,1999-01-22T06:15:52.087+00:00,FNpWVAfeRY,Arkansas,USA,63879683.41
40,Account,JxrMtImrfZ,iMhjaZhSre,1999-01-22T06:15:52.087+00:00,mLMQWQLcMS,Missouri,USA,27837645.77
41,Account,msGOSgxfLS,EAExsHscBa,2016-07-03T06:15:52.087+00:00,DzvAxBMZGG,Idaho,USA,84132245.63
42,Account,KzRwrzzeef,zbOJVAhDcl,1991-09-11T06:15:52.087+00:00,kBncoCRarj,Colorado,USA,94557002.48
43,Account,RVXOfbcdcA,TEjJdHhiKt,1978-07-23T06:15:52.087+00:00,GyjFqjLUZO,North Carolina,USA,30238202.94
44,Account,OKQqVyXjWi,uCofGbnPSA,2015-03-25T06:15:52.087+00:00,OZagDoHDlS,Indiana,USA,98882631.65
45,Account,wtDuCKMLkB,reXAfkghfw,2017-11-14T06:15:52.087+00:00,WzHajQjrQt,Missouri,USA,51406425.2
46,Account,rlhFXothgZ,IzCaJfAdav,2016-11-08T06:15:52.087+00:00,XHmpUsDQis,New Hampshire,USA,1007037.82
47,Account,kMnoianhgj,xtjLIEPkRz,1992-07-22T06:15:52.087+00:00,NduraEwsBD,Memphis,USA,18915672.43
48,Account,lcQUQrJyCI,OVLAKTfMlJ,1971-07-03T06:15:52.087+00:00,pfAJiszxfM,Minessota,USA,55870074.81
49,Account,PKwuwnqRyR,IrmWqBytYv,2003-01-12T06:15:52.087+00:00,GgcJPWYHMS,Virginia,USA,48386998.63
50,Account,qQUUrfGKXE,VCmJLuJGxB,1993-09-09T06:15:52.087+00:00,tMDDCVKaLE,Idaho,USA,98930904.83
51,Account,xvaPThnuLU,kiBoCKfKvl,1988-03-14T06:15:52.087+00:00,QTtdOcUCBs,South Dakota,USA,90161849.64
52,Account,QrAGCgzHos,ZEAgHhQbJB,2005-02-19T06:15:52.087+00:00,xwqCgoARyR,Oregon,USA,59706216.78
53,Account,NLWYdeRCda,iwPDdgAMlz,1988-05-31T06:15:52.087+00:00,oRyuhPmPty,Illinois,USA,89475755.07
54,Account,HiVjhyRpZF,KPJwyrGniT,2003-03-14T06:15:52.087+00:00,GXOkRFhRwT,Nebraska,USA,48952157.24
55,Account,EknfGqkNbI,nyVdkZMuZj,1991-08-23T06:15:52.087+00:00,ygJeVLEdAh,Utah,USA,28650467.05
56,Account,dvmCYFvrje,DHAxXwjpXY,2005-10-24T06:15:52.087+00:00,VzBwNbbiZW,Washington,USA,61290707.61
57,Account,cxxumgUxHW,Aevdppurrf,2011-09-07T06:15:52.087+00:00,wRcQzwchAa,Wyoming,USA,70294283.9
58,Account,ScYmqhJcvZ,vOmrUyZTfR,1975-11-28T06:15:52.087+00:00,HCAPwDNwpS,Kansas,USA,51392509.09
59,Account,PlFUANWkyX,pDEjiUFecd,1974-12-12T06:15:52.087+00:00,kKppQZclrO,Colorado,USA,16413286.7
60,Account,aGIFvdxUKf,cETLpQHFAR,1984-06-24T06:15:52.087+00:00,rwflfjpMgk,New Orleans,USA,13904303.27
61,Account,pooXRCwAKz,qfIgsMEGlG,1991-03-20T06:15:52.087+00:00,RTxUuEqxUc,Minessota,USA,94104605.2
62,Account,ictXXKOFvi,pPJEGleLAK,1976-06-14T06:15:52.087+00:00,hmCgPcDcwp,Oklahoma,USA,10968577.77
63,Account,gzGahEKjsb,HjriSQJrMw,1970-02-25T06:15:52.087+00:00,GBCGEmbkkn,Florida,USA,85812677.83
64,Account,JSwdSskzhN,utnPcaldXp,2021-01-10T06:15:52.087+00:00,xiYtGzuREO,Washington,USA,9599969.36
65,Account,aQtxYTiWxO,VeXDiuWNHB,2012-07-18T06:15:52.087+00:00,pCpbSdikKM,Utah,USA,4948417.31
66,Account,DzoMlNuHIe,BnYqITDRwq,1986-09-17T06:15:52.087+00:00,KRRNbddNPP,South Carolina,USA,13956683.03
67,Account,IFkfWbuffd,fKxtYpUGdR,1993-08-09T06:15:52.087+00:00,JkKAnpqZLa,New York,USA,8635893.25
68,Account,fRwMiqQnXz,lJTsJhYPyM,2018-01-10T06:15:52.087+00:00,mRZHutmzKm,Indiana,USA,83268864.24
69,Account,AJSzYlTxwW,dWgGHVsCnW,1996-04-20T06:15:52.087+00:00,QzbnZHrazc,South Dakota,USA,68302477.99
70,Account,QmxyEqYMti,eyFppbDsMA,1973-07-01T06:15:52.087+00:00,RhahMPxORj,North Dakota,USA,38807227.24
71,Account,BQWEDdQjTk,sasKiQjtTJ,2000-11-08T06:15:52.087+00:00,VzuMeLcIFd,Ohio,USA,50381446.73
72,Account,GOXuKVPftY,clubsWIIkr,1976-02-25T06:15:52.087+00:00,ccKyVKZWXk,Arizona,USA,79961566.77
73,Account,EvGvpxftwl,kPsPAjUhAJ,1995-04-20T06:15:52.087+00:00,qPpsDhucCf,Maryland,USA,99546562.93
74,Account,TosLMCpPui,BTeVTLnFOc,2011-11-26T06:15:52.087+00:00,AYqLZmvcWe,New Orleans,USA,91986564.76
75,Account,EHZESlCDbo,KhkygoXbiz,1995-12-06T06:15:52.087+00:00,rfzXVhlrwN,Minessota,USA,8404996.58
76,Account,WacHVMqcNj,yXnIDueVrz,1980-10-08T06:15:52.087+00:00,bOOUQnUenc,Arkansas,USA,62846073.55
77,Account,WVyggUuace,PBSCixPrwV,1980-01-17T06:15:52.087+00:00,IJLnmCTuKW,Louisiana,USA,2526186.79
78,Account,TcqtnxNrbe,QNeiAGOrBR,2016-08-03T06:15:52.087+00:00,sbOEhsAxlP,New Orleans,USA,90986041.33
79,Account,ATHbMBiuIw,FPRomtCjpH,2005-09-29T06:15:52.087+00:00,JyjyLmrXXN,Colorado,USA,88320295.64
80,Account,nDGffQlEYc,phoPMJjKjF,2003-12-12T06:15:52.087+00:00,TXNPgcPOqc,Tenessee,USA,6018646.97
81,Account,XHUPMCirdV,qfYKkJhyxn,2016-03-27T06:15:52.087+00:00,ChbRDUSUQW,Washington,USA,74964874.4
82,Account,DahRxYOPrL,oevavnkWde,1986-04-02T06:15:52.087+00:00,mSMESBdSeL,Memphis,USA,30758394.09
83,Account,RbPOaBoWjE,UKZaCYZKgD,1989-01-07T06:15:52.087+00:00,ysdzAUHLZJ,Idaho,USA,59103602.84
84,Account,JrzvOdvVJV,SoztEKRgDH,1992-04-18T06:15:52.087+00:00,hpyWCiCZJe,Memphis,USA,51762787.69
85,Account,xdXzgqbFAi,GOmcfmUPXC,1990-08-21T06:15:52.087+00:00,lhuSwobMzH,New Hampshire,USA,69501774.14
86,Account,MmqSTIHlMg,DKZhJNvdzi,1972-03-26T06:15:52.087+00:00,oEhRAjRVlF,North Carolina,USA,67047443.45
87,Account,OXLkqksJFl,iMgigujkwl,2022-12-03T06:15:52.087+00:00,IbCxIDIPqJ,Idaho,USA,24602546.28
88,Account,FAclZPcGex,DZvhkfcjWi,1991-03-16T06:15:52.087+00:00,gRHpsyqjuh,Colorado,USA,33929703.86
89,Account,ncoihhxuJS,loPIgzJFUe,1985-02-17T06:15:52.087+00:00,IoUdHiMAMi,Maine,USA,17066334.25
90,Account,aIsyiweAzv,ZUpGiisYUO,2007-10-29T06:15:52.087+00:00,FvBdjrmMsn,Maine,USA,42147282.29
91,Account,fmUkZHudLY,NUjsfdvNhP,1995-06-22T06:15:52.087+00:00,paYoEzFXXu,Arizona,USA,6376249.89
92,Account,ORbJqCiCkb,bLTaCsJpUW,1986-08-13T06:15:52.087+00:00,bpnQuwwsxJ,South Carolina,USA,55887968.33
93,Account,VwUwixuJlq,uuvZdgBEjX,1978-11-05T06:15:52.087+00:00,wYyYsyFLHV,Ohio,USA,21716461.17
94,Account,IfDrHIHRMo,rnROZIAsUn,1993-02-23T06:15:52.087+00:00,vxSNNULDQe,Oklahoma,USA,4989224.5
95,Account,jvgxigvgnv,dLjyIGvzDo,1991-03-26T06:15:52.087+00:00,XElKvnMXyu,Florida,USA,90233716.6
96,Account,JlFldVRawn,MxbhbPHtOj,2003-04-07T06:15:52.087+00:00,TrrcemJoZZ,Tenessee,USA,8661304.7
97,Account,sNOaVBkrTd,ObcwUGbTkr,2017-03-08T06:15:52.087+00:00,qXdUXypANN,Oregon,USA,66195456.52
98,Account,VJRFilZXGR,NNveisEusZ,1996-08-13T06:15:52.087+00:00,sIMBNRoDkt,Maine,USA,78658720.62
99,Account,gHPEvhLvjX,aQeJWEuaRZ,1983-10-20T06:15:52.087+00:00,ccXwSyNUAj,South Dakota,USA,8490869.34
100,Account,mHgdpgEwsr,umNkPVVles,1990-12-27T06:15:52.087+00:00,JRUlEINMVn,Wisconsin,USA,60410951.45
101,Account,EXgEJucXGA,nUmFyybZbF,1984-09-23T06:15:52.087+00:00,lORxlOXGGK,New Mexico,USA,16065005.7
102,Account,vgeFrabQpw,ZnmyBMTBdC,1990-11-09T06:15:52.087+00:00,OmvUdWJeFC,Kentucky,USA,75238070.33
103,Account,QNgefETPDy,BfFivxcadG,2019-11-29T06:15:52.087+00:00,ayyVGgoTRJ,Wisconsin,USA,84417226.7
104,Account,oGyyIFLXrN,DmAxPqhlBQ,2010-03-30T06:15:52.087+00:00,rAhJoQzuOg,Alabama,USA,32983818.09
105,Account,sQIyjFBTkd,vPDLSJQrQl,1981-03-18T06:15:52.087+00:00,VKtUwlNFOr,Utah,USA,2834265.36
106,Account,lAbMTMEWEh,qJhrkGlrhj,2005-05-20T06:15:52.087+00:00,wqCRDuBXyM,Missouri,USA,21978307.08
107,Account,TyYLvaeCwR,SMlQNBGiZO,2000-04-02T06:15:52.087+00:00,gYuqJYcnIX,South Carolina,USA,16848841.9
108,Account,OcXIjtwzzA,wFdvInVNiQ,2015-06-02T06:15:52.087+00:00,kxNTBffDrP,Washington,USA,92514400.23
109,Account,LTNhJdEVLa,lDcgUgbJKU,2019-07-02T06:15:52.087+00:00,yUlezOZxVP,New Hampshire,USA,3675276.27
110,Account,cThZGjoZEL,fvxFYdOxwN,1977-08-10T06:15:52.087+00:00,ufYwNTBPrG,Missouri,USA,84401875.5
111,Account,VOYWRYTmYv,pWxDnCEQwL,2008-05-31T06:15:52.087+00:00,WFJohAUsOa,New Orleans,USA,89547751.88
112,Account,yOVLBvybDB,wowNmLVUSi,1978-08-11T06:15:52.087+00:00,dPapunghwE,New Hampshire,USA,52827169.43
113,Account,yLwyZmMyiW,dvsICNpJHl,1983-08-03T06:15:52.087+00:00,KmMYsQWDAU,Maryland,USA,20916349.1
114,Account,KdNDHerypu,NPRjbChjcv,2004-11-30T06:15:52.087+00:00,llkPWNsYSI,Texas,USA,37662252.68
115,Account,fZKbOWNSJL,WadvzObmPv,1998-11-18T06:15:52.087+00:00,RDObVrpFKz,Kentucky,USA,71640670.15
116,Account,fxZFDtrghp,xceGsKDSYv,1986-12-14T06:15:52.087+00:00,maSZpsuhef,Ohio,USA,1263207.32
117,Account,ySPIBjjzqc,KJAiFSbRxi,2009-05-26T06:15:52.087+00:00,sFbBTrxSCo,Utah,USA,10938533.7
118,Account,DBQkZgerRa,lQqHBmFSOJ,2018-05-15T06:15:52.087+00:00,rHXKVMyusP,New Mexico,USA,15965627.93
119,Account,muesqSbkQB,MrPImPiJlD,1996-12-30T06:15:52.087+00:00,sVimqUTfRP,Missouri,USA,5595530.61
120,Account,ylXURWkDNm,pkAItaMIZJ,1970-12-27T06:15:52.087+00:00,puPzGPNHVS,Texas,USA,95951372.99
121,Account,rnamdoiGfD,xqvBXbHbsM,1993-12-17T06:15:52.087+00:00,XYtKwIRsaM,North Dakota,USA,2365652.08
122,Account,BruATpbYdp,aqpjlgdSUX,2001-05-23T06:15:52.087+00:00,kPfqykUVUe,Oregon,USA,5331876.29
123,Account,rYJOcCGrjv,QnWVYGOKtc,2004-05-05T06:15:52.087+00:00,hdTTLsQdjN,New Orleans,USA,15472068.53
124,Account,qLfiqHGBZO,eGqPSsGNPM,1998-12-15T06:15:52.087+00:00,gxKxKHNKUc,Utah,USA,60488828.25
125,Account,mgBqSmXMan,vcHZIgyMXa,1996-02-04T06:15:52.087+00:00,eKZbhCpvJB,Florida,USA,74337691.9
126,Account,pvfVbtaSbw,fAyArKMTZz,1979-09-05T06:15:52.087+00:00,xogHhYUQdL,South Dakota,USA,84634945.71
127,Account,SWJziuViKm,xSoVfbtypV,2022-09-02T06:15:52.087+00:00,rDpcsGmwlQ,New York,USA,61376230.1
128,Account,eUZUABXWgL,PdWfuLpLhN,2013-02-03T06:15:52.087+00:00,oGLGdJPgnn,New Hampshire,USA,75561549.03
129,Account,VBSBJjAXRl,hLsNgvKjwS,1979-01-25T06:15:52.087+00:00,aSEXMwMBGK,New Orleans,USA,71701189.45
130,Account,rJgCsdExLg,cbckMiAfMk,1991-11-15T06:15:52.087+00:00,PsxtlmcKyc,Indiana,USA,23109679.32
131,Account,piHTInLUbp,kXgZRZGIOC,1977-06-08T06:15:52.087+00:00,yoaZzKXmdx,New Orleans,USA,80411377.71
132,Account,MyhWbttXOC,pkyrRqGAdF,1984-04-28T06:15:52.087+00:00,OESoOyDkqb,New York,USA,49786467.42
133,Account,JuZVXvbEHu,botYkJpuxg,2021-10-08T06:15:52.087+00:00,hynQicHCQS,South Carolina,USA,85286789.0
134,Account,MzgDwIZkUc,VHcKezgbqq,2003-10-09T06:15:52.087+00:00,OspOOWKxar,Maine,USA,22513080.12
135,Account,fWAMToUorI,ogZjqTNDhJ,2013-12-16T06:15:52.087+00:00,LrWudXWvIc,North Carolina,USA,18497135.85
136,Account,KdQAQdUAcs,NUhyPsYgYX,2015-12-25T06:15:52.087+00:00,CyRBDCDrvL,Texas,USA,95197410.03
137,Account,yJPgoaKPGY,hAREmpljEn,1993-12-07T06:15:52.087+00:00,qfBcCzBDSR,South Dakota,USA,30584483.95
138,Account,UQvBwmCqvn,ciApVoXSDV,1972-03-14T06:15:52.087+00:00,MzmyemkhWn,South Carolina,USA,15396695.37
139,Account,ZZooTncGAq,IlkwCfSBZi,2010-04-20T06:15:52.087+00:00,kRiPpdugpU,Nebraska,USA,60369208.9
140,Account,bOkzbjUrIs,eRGnobfXye,2020-01-22T06:15:52.087+00:00,hIHoaGcNCY,Missouri,USA,80074671.98
141,Account,SeiAkMevJv,MYXVNFcMvO,2002-02-03T06:15:52.087+00:00,nruZozQNpf,Oregon,USA,43374221.75
142,Account,SpwSUEULxM,ouizVpJAXN,2001-01-11T06:15:52.087+00:00,qhepyglKuF,Alabama,USA,68539112.74
143,Account,FxfhcLoeiu,RbofeXhHOk,2013-11-15T06:15:52.087+00:00,TlMCZqpzOv,Arkansas,USA,27563843.1
144,Account,HXQbhqGbSq,UHlZqZPmas,1976-12-26T06:15:52.087+00:00,HJIskBcFCQ,Louisiana,USA,35344509.3
145,Account,jeVKVskJOA,punNxHYvNV,1973-07-20T06:15:52.087+00:00,iELxFewUVZ,Arizona,USA,37032556.68
146,Account,gkcmQnnGpW,wCTRgKhcWL,1988-06-23T06:15:52.087+00:00,EoQINCwGqf,New York,USA,68653751.0
147,Account,qqvTbfRSjQ,lcTBNRwVak,1994-02-06T06:15:52.087+00:00,oHWCsETKpL,Virginia,USA,62733216.43
148,Account,WHFTJFtwZu,YaSMchfuvh,2003-10-14T06:15:52.087+00:00,vUFWZFXbfh,Arkansas,USA,67592404.88
149,Account,ZXdDJbjvNy,PrMOSenTgX,2012-01-30T06:15:52.087+00:00,EvpsqGnzmg,New York,USA,6440911.48
150,Account,KsvUqyPqhg,jvxVzTzPYJ,1989-07-25T06:15:52.087+00:00,xWSDydaAYR,Arizona,USA,8838018.31
151,Account,bjiLdqVRLn,bmbcELOKgQ,1970-06-25T06:15:52.087+00:00,dTqZvPqJMa,Oklahoma,USA,84579145.74
152,Account,QTWompWTtN,mjZmdtFcOs,1985-04-15T06:15:52.087+00:00,xyCnXwkiHo,Arizona,USA,93325687.36
153,Account,QRMOooizTU,YZYmGWCLYO,1984-11-23T06:15:52.087+00:00,gMDtnNdrks,Kansas,USA,42181207.59
154,Account,MXLsjupakC,mwjkFcYvRU,2016-03-04T06:15:52.087+00:00,djQkHLdfnU,Iowa,USA,64035103.27
155,Account,SMkfbmLUuW,jTtiyhaBYs,2007-01-15T06:15:52.087+00:00,OQBwUbmegv,North Carolina,USA,64041405.66
156,Account,pTbHOjJisa,ocRFDqeCSH,2021-06-06T06:15:52.087+00:00,pfMzcxTLZN,Oregon,USA,29257124.15
157,Account,onZIewfRGm,eBNDbqBxGx,2020-04-02T06:15:52.087+00:00,NNGpWculRi,Oklahoma,USA,2373724.3
158,Account,LCJzqJACiu,RxqIkuSNya,2007-01-05T06:15:52.087+00:00,jgMAwQrZMY,New Mexico,USA,43272542.47
159,Account,iTyWnUHWPH,VTPixTzDiE,1993-10-21T06:15:52.087+00:00,WHxLJFSdah,New Hampshire,USA,34655318.8
160,Account,DoPmReeIVs,KxoeWfhkRe,2020-02-04T06:15:52.087+00:00,hwnZKNHewm,Maine,USA,30138796.6
161,Account,VZGHGrpclD,GCxPBqItpL,2021-07-29T06:15:52.087+00:00,pGnDbiNzOs,Utah,USA,99142893.17
162,Account,eHqvQRqXuK,CDiTKWdGJT,1979-08-18T06:15:52.087+00:00,FIBxTpeuMW,Utah,USA,27378449.84
163,Account,mbOrMAehNW,RImhXNHDWf,1972-07-24T06:15:52.087+00:00,kdLgvikDjk,Maine,USA,88079163.62
164,Account,IohQPQzQMh,XJixjfPsNa,1996-04-27T06:15:52.087+00:00,lHrNVRxgpV,New Mexico,USA,53498897.7
165,Account,vKxnrMwUin,xbfnwxWIHu,1998-02-05T06:15:52.087+00:00,BqKIqQvgmL,Arkansas,USA,6671061.63
166,Account,fvNBfCrbDy,vWBoycVEan,1990-08-06T06:15:52.087+00:00,bsvkPnEWcW,Washington,USA,83234918.08
167,Account,MpEwguWAUY,tPaRoUfBNG,1992-06-16T06:15:52.087+00:00,JupPpXMrQo,Alabama,USA,90027093.28
168,Account,buIuXwBjPb,eWAZMawkCW,1997-03-07T06:15:52.087+00:00,ASyUHmCRci,Texas,USA,74952952.37
169,Account,kKtABLUolA,bzLMTRssMT,2001-04-02T06:15:52.087+00:00,ZRJTaBYQqC,North Dakota,USA,18765980.11
170,Account,QOiJveobKF,sklebSYPrC,2016-08-16T06:15:52.087+00:00,ERQjalSoSI,Maryland,USA,37758848.08
171,Account,LzdhvuUZph,ilQomuZpXQ,1974-12-10T06:15:52.087+00:00,iCzpcHLXjI,Louisiana,USA,1894158.08
172,Account,fsrUkSeVQr,LgMjXnKgLd,2018-11-01T06:15:52.087+00:00,YLclTllawJ,Wisconsin,USA,79763415.58
173,Account,UCocjpEVzr,nguFlDGcRt,1999-08-17T06:15:52.087+00:00,jtIMtSwNPz,North Dakota,USA,24857257.93
174,Account,HAwaljLJfy,uDcjoXqfLg,2019-01-30T06:15:52.087+00:00,dnMvdlJwQB,Missouri,USA,3741769.55
175,Account,iVnGYwagGr,yxGQZRODLX,2004-02-29T06:15:52.087+00:00,oLWbbciqVL,Kansas,USA,59190745.3
176,Account,paZwLWGRaX,HQkalqYjtQ,2015-09-30T06:15:52.087+00:00,NjwnncoYif,South Carolina,USA,30882637.86
177,Account,SzrPqBabiu,AeoZIxgfls,1991-06-08T06:15:52.087+00:00,yJwwXzbXzb,Maryland,USA,2776591.17
178,Account,cMoPIiVJsc,DZHEOLwlNE,2013-09-18T06:15:52.087+00:00,IyvOqnIXjg,Utah,USA,87307207.67
179,Account,kolHlBOkGA,aZFjDGJEaI,1978-02-20T06:15:52.087+00:00,SBodjtlGSE,New York,USA,38552428.58
180,Account,HLMbSCQxvz,jCpvzrSnaR,2015-12-22T06:15:52.087+00:00,YKFaFsFLCv,Virginia,USA,87368222.33
181,Account,yAZdHEABQv,lDqvijlOKC,2005-06-29T06:15:52.087+00:00,YmegokQIKl,North Carolina,USA,78949943.53
182,Account,alMYgLeqWD,ChcUfqfJtO,1981-12-04T06:15:52.087+00:00,gDZwNkbXaR,Tenessee,USA,51216082.42
183,Account,DNAWUGcomQ,kdXmBGEhxS,1996-04-10T06:15:52.087+00:00,SSJvsUbUZA,Oregon,USA,72483300.96
184,Account,CvBFgTkOug,AEXEZucvMX,2015-11-23T06:15:52.087+00:00,qnUpNUBbOL,Wisconsin,USA,86231612.54
185,Account,cjWtymcRcT,nssPjTIswh,1970-10-07T06:15:52.087+00:00,yXXahqIXuv,Georgia,USA,32717298.44
186,Account,ChnRLyWXDA,SmuWFfLdra,1992-04-13T06:15:52.087+00:00,EqWGPBYmra,Texas,USA,71023780.83
187,Account,VqWxvriRpt,kOrcUltmhH,2012-06-11T06:15:52.087+00:00,ByngACoeAK,South Carolina,USA,17539366.93
188,Account,JcljmUwRJA,mhjdKKenpR,2004-07-16T06:15:52.087+00:00,bksKaRJngN,South Dakota,USA,86927766.5
189,Account,HZevivDYEb,eAbOJoKMHn,1996-02-06T06:15:52.087+00:00,gNBspyxFQU,Virginia,USA,8569823.39
190,Account,JzzAXfXVgN,fWdBbUHKLP,2007-02-26T06:15:52.087+00:00,TDQPJXXVGW,Virginia,USA,17836343.56
191,Account,OcFXIxUCpw,uLssHdQbRg,1987-09-11T06:15:52.087+00:00,hlYErQPUyb,Oklahoma,USA,35453913.46
192,Account,nsodUxBsAu,WApTYOwLaT,1978-01-22T06:15:52.087+00:00,yqQRHxVGyd,Arizona,USA,4888455.86
193,Account,dSsrcfAFPW,ThyaKqseVI,2004-10-16T06:15:52.087+00:00,gfwditekoW,Texas,USA,18611479.6
194,Account,OKXSglUxsC,iSqyYULroh,2004-09-04T06:15:52.087+00:00,FjoUbVcYKr,Utah,USA,77495493.27
195,Account,CaXkmxSTEm,SfSjLqBpdL,1996-05-27T06:15:52.087+00:00,cVyblgvToc,Georgia,USA,22029481.32
196,Account,tpvptbTnrC,jeGSOEndYr,2014-07-29T06:15:52.087+00:00,cRpKDlDHXj,North Carolina,USA,4061431.0
197,Account,fcWBAhgtDP,ajNoeYQoJF,1995-02-17T06:15:52.087+00:00,nPHpXshkvp,North Carolina,USA,55066494.45
198,Account,yHTjmXHedn,CyumFdJhAl,2006-10-04T06:15:52.087+00:00,ahnEmtSrOt,New Hampshire,USA,67993085.2
199,Account,jpFXDuDoyz,HSePBsRMsh,1984-04-02T06:15:52.087+00:00,ifJmYMLbzR,Kentucky,USA,97571732.88
200,Account,RSCemMdplh,JlpWONrFkp,1989-07-13T06:15:52.087+00:00,nQPvanQcCN,Minessota,USA,49037618.29
201,Account,UXcytZgzmr,wDziyNLhol,1980-09-15T06:15:52.087+00:00,aLIZeynKpn,New Orleans,USA,60976137.5
202,Account,VUfHmgkONC,EwXgidztgH,1987-07-08T06:15:52.087+00:00,UilhdGsaEU,Maine,USA,41355517.56
203,Account,whUSpWiSEV,UANTutjmeQ,2013-04-01T06:15:52.087+00:00,UvSQxItCxN,North Carolina,USA,34613138.77
204,Account,cEOUnTMbKy,MkUJUictvB,2018-06-27T06:15:52.087+00:00,FQTOjLZixO,Nebraska,USA,71699362.97
205,Account,loMhTZZzCb,LiGaoiytSn,1989-08-27T06:15:52.087+00:00,FgWNXpaMha,Nebraska,USA,90017724.28
206,Account,snSIzzpiCJ,RsyPMiORdJ,1997-10-24T06:15:52.087+00:00,DvykYefvyA,Memphis,USA,2950336.17
207,Account,cyoxYuhVTY,WDvBVQgnvh,2017-03-10T06:15:52.087+00:00,sfdVQWKpJt,Virginia,USA,50833871.59
208,Account,PkxErDqjwJ,VjMfeQMhTm,1993-02-22T06:15:52.087+00:00,uvFoBQsNDC,Virginia,USA,43968700.59
209,Account,WQtwAWyZvO,IONfEpNfNK,1976-11-03T06:15:52.087+00:00,XjyfTEzhXw,Maryland,USA,54949870.48
210,Account,hPNBedvebp,EyBGIRqVAa,1986-12-28T06:15:52.087+00:00,gWTSsAxpOD,Louisiana,USA,27661470.23
211,Account,CwVTopuZpT,cZioRuKCqr,2011-04-19T06:15:52.087+00:00,pyhGELLyhP,Arkansas,USA,53448881.64
212,Account,JQLNSQJhoW,HyIHgpGKLJ,2004-06-22T06:15:52.087+00:00,sMKmnrQlNS,Iowa,USA,33173539.79
213,Account,vfUsndzBkH,DXUaRmggoa,2014-01-02T06:15:52.087+00:00,PPtVLGoDvg,Kansas,USA,52638424.08
214,Account,bZdrkctMwH,seUiSqHaRF,2000-08-31T06:15:52.087+00:00,dfrmKJsZXP,Colorado,USA,84670316.02
215,Account,lXSplCxSVp,gjYXnimCcm,2008-07-14T06:15:52.087+00:00,WYXKQvdzWB,New Mexico,USA,42569676.54
216,Account,LjYOAlLjKI,QvKtGqTyRA,1998-02-11T06:15:52.087+00:00,eynprJzzFq,Maine,USA,29695327.85
217,Account,dclipbIUgT,ZmVWvkibVE,1970-05-23T06:15:52.087+00:00,nOCafUxdVX,Minessota,USA,47851434.93
218,Account,PuHSVxkkDS,EBOfnYxDrG,1984-06-26T06:15:52.087+00:00,WUshChvIbi,Alabama,USA,75829453.08
219,Account,sBEbVuBNvL,vmRxtXqEnT,1978-10-16T06:15:52.087+00:00,QgwOlaUBYp,Kentucky,USA,47747187.54
220,Account,BrVtFSqWhg,YexnaSLXza,1984-01-04T06:15:52.087+00:00,QRKvAeKWfl,Oklahoma,USA,32093196.53
221,Account,mPfwgDbSwH,sHKBYVVsbD,1981-03-04T06:15:52.087+00:00,OSEmOavZEm,New York,USA,36854038.6
222,Account,xssBRfpuTc,vPAYvfeLPm,1991-08-07T06:15:52.087+00:00,AyohWFFGXe,Utah,USA,85228733.52
223,Account,EXDWYRMBOM,MMfzlCENea,1997-10-24T06:15:52.087+00:00,cTSqoFxfou,Missouri,USA,37985766.81
224,Account,IEDlzCPIBL,fSZFNOwCkr,1986-12-29T06:15:52.087+00:00,mYEVCpwxnV,Arizona,USA,94057034.83
225,Account,cLTbfDPzam,tUAXAFIegX,1997-08-11T06:15:52.087+00:00,iNOpMnIPCw,Washington,USA,59494155.39
226,Account,PnxodWTZPt,YYjUxeDQbN,1992-03-23T06:15:52.087+00:00,bSVLESROJB,North Carolina,USA,37864580.87
227,Account,dUtiZiLBQv,kLDfzoibjM,2009-01-20T06:15:52.087+00:00,spTzJsFoju,Texas,USA,69253572.26
228,Account,oUUMDRrzIp,GhtYcCpgNv,2009-05-13T06:15:52.087+00:00,JOzOcpZXlg,Minessota,USA,69485707.04
229,Account,itNEgknoCW,rrYJhbZtms,1995-04-09T06:15:52.087+00:00,KgRLKcBqIj,New York,USA,11211884.05
230,Account,YQVmwPlMcE,GZMqIPvpzn,1976-04-16T06:15:52.087+00:00,MUfnsgIstq,Texas,USA,42414905.06
231,Account,BhNJzozirJ,wRTBmlCYDK,1997-09-14T06:15:52.087+00:00,aNtoQNnpKA,North Dakota,USA,52743290.85
232,Account,HvRTkWYHbI,acAaFHOHEd,1996-02-05T06:15:52.087+00:00,wADKsZrUuW,South Carolina,USA,18571387.87
233,Account,tiMLeNMqZW,GIJmpIJmFn,2004-03-22T06:15:52.087+00:00,uCfhTNYzFu,South Dakota,USA,31648081.34
234,Account,ECKHiTgrhz,nDtLsDTViM,2005-11-18T06:15:52.087+00:00,ASLjwixGQq,Minessota,USA,13413209.2
235,Account,FlWnrYkHTc,DKJUFPttLT,1981-12-27T06:15:52.087+00:00,PCyaZlKhpp,South Dakota,USA,57765435.33
236,Account,AnitxhREgs,DrbfxWRdxd,2002-12-05T06:15:52.087+00:00,TZOSuabpyY,Iowa,USA,52947873.36
237,Account,TRgvhwVQyg,MpGXEKKJFc,1996-03-04T06:15:52.087+00:00,QOohZuDwxR,Ohio,USA,62374479.39
238,Account,qlDplQARJK,JZVqYfKFcH,2009-04-17T06:15:52.087+00:00,sRsSFzzqNN,Wisconsin,USA,32055797.64
239,Account,fUfTSxNXmG,xSYPqHAPOa,2010-12-12T06:15:52.087+00:00,WRXCCNEcyn,Oklahoma,USA,94452383.59
240,Account,bLykOHRRAc,MOSLrZCmGr,1998-03-04T06:15:52.087+00:00,fgHDKDkePk,Ohio,USA,28015459.97
241,Account,pCuCCnBDXF,wwaEiXpWvM,2013-10-20T06:15:52.087+00:00,iTcqTcyLuS,Iowa,USA,32178317.06
242,Account,mzILGzfWfV,riQBuNVnqO,1981-10-24T06:15:52.087+00:00,blbjSfIfec,Colorado,USA,51590188.01
243,Account,NIgkpvWVAx,sFmgoKeaMR,2007-12-18T06:15:52.087+00:00,CICsFDOlIC,Utah,USA,34323676.98
244,Account,nGSiVpNiIo,senPExvaWY,2008-07-06T06:15:52.087+00:00,qEviSirWVy,Oklahoma,USA,2254951.28
245,Account,vnAoepsjpl,kVhPwfeNtR,1973-07-28T06:15:52.087+00:00,wNYUnItUbe,South Dakota,USA,8380138.24
246,Account,iMCBrIeiFU,CgizGvVkox,2015-10-02T06:15:52.087+00:00,RXsRqGwGXR,Maine,USA,33184031.29
247,Account,EGNTofbDAD,AqalRHvWhi,2002-11-29T06:15:52.087+00:00,mjvaQVTuve,Kentucky,USA,40474580.93
248,Account,RhfsopJLjC,gxEImXsEee,1977-09-02T06:15:52.087+00:00,xsjIMhmoBG,Tenessee,USA,35748170.99
249,Account,jQaQUPFsSs,WDSltCMsTV,1991-09-05T06:15:52.087+00:00,ukIowoDIXR,Oregon,USA,15826640.79
250,Account,WSgdxxxXUe,bMuAnpKrSq,1989-07-20T06:15:52.087+00:00,TeVebcnNmC,Nebraska,USA,31076589.35
251,Account,jSncYwOIJw,tQIjcCYLnR,2005-06-25T06:15:52.087+00:00,QOWBNjnUJl,Utah,USA,93143235.41
252,Account,LMGppIAsJv,uMiREDOziH,1976-10-31T06:15:52.087+00:00,PYEylJxTzW,Virginia,USA,49185090.83
253,Account,ApbRthQZVu,plXJOUefEx,1989-09-18T06:15:52.087+00:00,FTqMkDNVJt,Arkansas,USA,6216248.22
254,Account,QEWxFKKPBx,rwrBTBEera,1985-05-26T06:15:52.087+00:00,FXrjFVbQAI,Alabama,USA,47513021.7
255,Account,xKctUXnzjD,JQUKozhenR,1998-03-16T06:15:52.087+00:00,BElLbREixU,Colorado,USA,65053226.11
256,Account,ONVPXLQnKa,VvEXMBVxco,1978-01-12T06:15:52.087+00:00,kwvqFdZxoo,Arizona,USA,71437244.02
257,Account,PgPEJKyAoI,nDQdGImyCW,1976-06-01T06:15:52.087+00:00,iZqGSQLPco,Florida,USA,39532538.79
258,Account,UurZHmDseC,hceUNYtnQj,1977-08-05T06:15:52.087+00:00,MFjzNYoUWt,Idaho,USA,3273603.93
259,Account,SJftyOVmMg,GfJdjcxRHg,2013-09-23T06:15:52.087+00:00,QodjSFxTog,Louisiana,USA,50125418.93
260,Account,ZHxWkzBIPN,aCqdJWVHhB,2002-01-17T06:15:52.087+00:00,QymTdClePA,Iowa,USA,50763437.79
261,Account,ElmzCPznDf,JBjlCocJRR,2011-08-30T06:15:52.087+00:00,tLTXWraCMp,New Orleans,USA,36042145.02
262,Account,xnjswsSQnz,nMItXLVnVT,2022-01-13T06:15:52.087+00:00,HLrdxCOFts,New Mexico,USA,34811844.16
263,Account,tRGAvHkIfG,DxdXeKjLta,1994-01-16T06:15:52.087+00:00,nOtXYWaUvP,Washington,USA,5189303.53
264,Account,hYrOhPmCNW,KreCLKNKby,1973-03-17T06:15:52.087+00:00,OEbiDuhHVA,Kentucky,USA,38837936.66
265,Account,XATHtsVrRy,lECSwFFAcy,1998-05-07T06:15:52.087+00:00,TvvBVLkWeX,Washington,USA,3209118.38
266,Account,HZtGFspmJM,ttVBpoNran,1983-07-20T06:15:52.087+00:00,ECZiCmSjVK,Kansas,USA,22818148.42
267,Account,WmVQXqZlVZ,fWaWBpjkUZ,1978-04-06T06:15:52.087+00:00,vJBLsJOZYE,Minessota,USA,81660132.56
268,Account,nydZQkFaCX,yWxGNrGWSk,1974-07-06T06:15:52.087+00:00,iKWWAgzHOe,Kentucky,USA,71788401.66
269,Account,XhNMxTxMwr,WmYpZhCWwU,1997-12-14T06:15:52.087+00:00,qdkuTPOTmM,Illinois,USA,55742421.17
270,Account,KAmOEimvcl,GeAKkpqulk,2022-05-29T06:15:52.087+00:00,QFDSqvlPef,Tenessee,USA,46303744.99
271,Account,KFMZHucLSU,HsmFuLkBYO,1983-07-13T06:15:52.087+00:00,BHyXHluTCO,Colorado,USA,83531492.74
272,Account,vkXnvOSyQW,muPQaxdgbA,2016-05-17T06:15:52.087+00:00,VwkGjJAlds,Oklahoma,USA,43988226.29
273,Account,fLIFUTNAfE,sROuUKqBIs,2017-05-03T06:15:52.087+00:00,GcvkouwQle,New Mexico,USA,28221320.48
274,Account,uUMUElKoFb,nvSYJDlUZH,1995-12-24T06:15:52.087+00:00,xKLHHZovMK,North Dakota,USA,18477515.92
275,Account,sNQAqjQAqL,xofcufQcfG,2004-04-29T06:15:52.087+00:00,UUDGcivdwl,Memphis,USA,71196343.96
276,Account,NcQogfzTCR,SDdKSxnQXf,1999-03-09T06:15:52.087+00:00,sRXPfnvXqw,Utah,USA,18434683.29
277,Account,sjbeinXFLh,civDawRYcf,1977-02-09T06:15:52.087+00:00,ifHXaLXSHd,New Mexico,USA,40766079.25
278,Account,lzBWVByHxX,zwbaiTThhz,1996-04-10T06:15:52.087+00:00,VMkXuLdHNQ,New Hampshire,USA,43097642.76
279,Account,QcRWxbwUlj,yYoRtosQCh,1977-01-28T06:15:52.087+00:00,wSimhJfTMl,New Mexico,USA,55553480.41
280,Account,aFAoEytINc,rbdnCvXZwn,1973-06-14T06:15:52.087+00:00,JAkUPfwPWJ,South Dakota,USA,98356725.92
281,Account,RHqCBdEzMW,oYRKLCULyj,1992-09-05T06:15:52.087+00:00,TDQuHdcfKS,South Dakota,USA,58481614.1
282,Account,ixtelOdWBW,hLorSacLeV,1998-04-01T06:15:52.087+00:00,MBftBOaRgv,Colorado,USA,89735955.83
283,Account,OqSpXJIEmq,lYtZTSBQzv,2004-02-16T06:15:52.087+00:00,ZtObYDYKzo,Georgia,USA,69204195.46
284,Account,sburdvheOA,tGxzeVEAjU,2018-08-29T06:15:52.087+00:00,xBJuxgnvzN,Kentucky,USA,20508037.59
285,Account,xTvYmGlBnn,xqTNEIZNAu,2016-01-31T06:15:52.087+00:00,YobdyZITmI,Oklahoma,USA,60795377.63
286,Account,mJfbKJHFgD,bRsHMjSIzQ,2003-11-11T06:15:52.087+00:00,XOSgWCKKlz,Missouri,USA,16933816.33
287,Account,hlHHXmGfkG,XTczeXpPQt,2006-11-27T06:15:52.087+00:00,FxrOSdskPq,Tenessee,USA,15324874.93
288,Account,nBYkDMTeyK,zJTzJmPJSS,1993-01-29T06:15:52.087+00:00,eDvpkvTUpJ,New York,USA,61180099.76
289,Account,HAWkWdeQIM,egcgYDyuwD,1982-06-09T06:15:52.087+00:00,gkDvZBFFPc,Wisconsin,USA,14281740.59
290,Account,KiJpGJQHSi,ehdXGCNuIK,1991-09-13T06:15:52.087+00:00,CWbcJNrPKt,Oklahoma,USA,65141853.97
291,Account,zEcuLUnsIz,joRSrERtAQ,2004-06-02T06:15:52.087+00:00,mbUgIVGvwd,Indiana,USA,7674661.39
292,Account,XPotHRYGkT,cfiljJdQwM,1985-08-13T06:15:52.087+00:00,yOlUtsgoaO,Wyoming,USA,11123163.51
293,Account,QrSwzRbFRp,rxErrGxlof,1985-08-14T06:15:52.087+00:00,NWerStTuuO,New Mexico,USA,90112622.04
294,Account,qzLGQQjwdY,fCUfaWBghf,1999-05-13T06:15:52.087+00:00,bPOwtsmhfb,Florida,USA,74813836.07
295,Account,MgYUOikQlT,pDXvyNgexp,1981-01-30T06:15:52.087+00:00,RjIKAXImxm,Georgia,USA,95226532.53
296,Account,ZLDyswWrOt,zEzfOrQVlM,1979-09-04T06:15:52.087+00:00,ZWepTlOkFI,South Dakota,USA,84894134.9
297,Account,vdJvZfbIFa,eaUMxIFoJY,1995-09-23T06:15:52.087+00:00,VxGzvvGthQ,New Mexico,USA,67947591.41
298,Account,jNyvAQdTQM,GsbOuLIMLS,2020-06-04T06:15:52.087+00:00,QEPfzUdfdT,Idaho,USA,49798338.68
299,Account,pmFcRNjMeM,rXsMwUlGXx,1999-04-29T06:15:52.087+00:00,lPzGGYyekt,South Carolina,USA,19961134.65
